posicao,xT
CENT,-0.0016000799999999968
GOL,0.021965658000000002
LD,0.24000301999999998
LE,0.31939125
MO,0.91298112
PD,-0.38680588
PE,0.0
VOLC,1.33615028
VOLE,0.020456759999999997
ZGE,-0.0009478199999999994
